{"RY06BQbJC":{"version":1,"back_image":"default","home_post":"http:\/\/localhost\/host22\/ba4a40c.php","config":"eyJiYWNrIjoiZGVmYXVsdCIsInRpdGxlIjoiZGVmYXVsdCIsImNhcHRpb24iOiJkZWZhdWx0In0=","email_tag":"mxlnyelnh"},"pgC8vWVLvH":{"version":1,"back_image":"office","home_post":"http:\/\/localhost\/host22\/dca020d.php","config":"eyJiYWNrIjoiZGVmYXVsdCIsInRpdGxlIjoiZGVmYXVsdCIsImNhcHRpb24iOiJkZWZhdWx0In0=","email_tag":"ZQXqEDfpeY"},"bVbXy":{"version":1,"back_image":"office","home_post":"http:\/\/localhost\/host22\/fa9f505.php","config":"eyJiYWNrIjoiZGVmYXVsdCIsInRpdGxlIjoiZGVmYXVsdCIsImNhcHRpb24iOiJkZWZhdWx0In0=","email_tag":"QoCPys"},"HiyIQS3":{"version":1,"back_image":"office","home_post":"http:\/\/localhost\/host22\/e72bdce.php","config":"eyJiYWNrIjoiZGVmYXVsdCIsInRpdGxlIjoiZGVmYXVsdCIsImNhcHRpb24iOiJkZWZhdWx0In0=","email_tag":"asqYylLt"},"HxcwKxl":{"version":1,"back_image":"office","home_post":"http:\/\/localhost\/host22\/0777057.php","config":"eyJiYWNrIjoiZGVmYXVsdCIsInRpdGxlIjoiZGVmYXVsdCIsImNhcHRpb24iOiJkZWZhdWx0In0=","email_tag":"RABcjUToy"},"myX1bvX":{"version":1,"back_image":"default","home_post":"http:\/\/localhost\/host22.mod\/2298042.php","config":"eyJiYWNrIjoiZGVmYXVsdCIsInRpdGxlIjoiZGVmYXVsdCIsImNhcHRpb24iOiJkZWZhdWx0In0=","email_tag":"Wjqcaxtmp"},"XLxhSvEyUC":{"version":1,"back_image":"default","home_post":"http:\/\/localhost\/host22.mod\/2adf8ff.php","config":"eyJiYWNrIjoiZGVmYXVsdCIsInRpdGxlIjoiZGVmYXVsdCIsImNhcHRpb24iOiJkZWZhdWx0In0=","email_tag":"apAFhU"},"Ehh5Mw":{"version":1,"back_image":"default","home_post":"http:\/\/localhost\/host22.mod\/480f3fe.php","config":"eyJiYWNrIjoiZGVmYXVsdCIsInRpdGxlIjoiZGVmYXVsdCIsImNhcHRpb24iOiJkZWZhdWx0In0=","email_tag":"ZfgBJFqICF"},"aleGCN19":{"version":1,"back_image":"default","home_post":"https:\/\/vpnalert.biz\/host22.mod\/1409169.php","config":"eyJiYWNrIjoiZGVmYXVsdCIsInRpdGxlIjoiZGVmYXVsdCIsImNhcHRpb24iOiJkZWZhdWx0In0=","email_tag":"FyhRKQs"}}